year,month,brent_usd_bbl,ttf_usd_mmbtu,usd_czk
2012,1,111.2,11.45,19.787
2012,2,119.7,11.12,18.938
2012,3,124.9,11.97,18.693
2012,4,120.5,11.42,18.849
2012,5,110.5,11.64,19.824
2012,6,95.6,11.49,20.47
2012,7,103.1,11.13,20.718
2012,8,113.3,11.18,20.179
2012,9,113.4,11.08,19.246
2012,10,112,11.58,19.221
2012,11,109.7,11.83,19.775
2012,12,109.7,11.79,19.23
2013,1,113,11.87,19.238
2013,2,116.5,11.77,19.073
2013,3,109.2,11.87,19.806
2013,4,102.9,12.88,19.836
2013,5,103,12.29,19.955
2013,6,103.1,11.92,19.532
2013,7,107.7,11.6,19.828
2013,8,111,11.64,19.398
2013,9,111.6,11.25,19.321
2013,10,109.5,11.37,18.827
2013,11,108.1,11.42,19.955
2013,12,110.7,11.55,20.078
2014,1,107.4,11.59,20.196
2014,2,108.8,11.3,20.094
2014,3,107.4,10.88,19.818
2014,4,107.8,10.73,19.874
2014,5,109.7,10.2,19.999
2014,6,111.9,9.77,20.196
2014,7,107,9.27,20.28
2014,8,101.9,9.14,20.889
2014,9,97.3,9.24,21.393
2014,10,87.3,9.77,21.769
2014,11,78.4,8.9,22.182
2014,12,62.3,9.83,22.4
2015,1,48.1,9.25,24.013
2015,2,57.9,8.27,24.324
2015,3,55.8,8.27,25.269
2015,4,59.4,6.77,25.446
2015,5,64.6,6.68,24.583
2015,6,62.3,6.67,24.356
2015,7,55.9,6.69,24.639
2015,8,47,6.35,24.277
2015,9,47.2,6.28,24.128
2015,10,48.1,6.03,24.113
2015,11,44.4,5.5,25.182
2015,12,37.7,5.09,24.856
2016,1,30.8,4.4,24.888
2016,2,33.2,3.97,24.378
2016,3,39.1,3.91,24.374
2016,4,42.3,3.97,23.836
2016,5,47.1,4.33,23.895
2016,6,48.5,4.76,24.1
2016,7,45.1,4.67,24.435
2016,8,46.1,4.05,24.104
2016,9,46.2,4.25,24.101
2016,10,49.7,5.34,24.495
2016,11,46.4,5.69,25.032
2016,12,54.1,5.42,25.641
2017,1,54.9,6.14,25.457
2017,2,55.5,6.05,25.39
2017,3,52,5,25.292
2017,4,53,5.01,25.02
2017,5,50.9,5.06,24.017
2017,6,46.9,4.89,23.389
2017,7,48.7,5,22.622
2017,8,51.4,5.48,22.108
2017,9,55.2,5.96,21.871
2017,10,57.6,6.18,21.919
2017,11,62.6,6.69,21.763
2017,12,64.2,7.14,21.668
2018,1,69,6.66,20.868
2018,2,65.4,6.72,20.506
2018,3,66.5,6.7,20.615
2018,4,71.6,6.93,20.664
2018,5,76.7,7.49,21.718
2018,6,75.2,7.45,22.074
2018,7,74.4,7.6,22.121
2018,8,73.1,8.08,22.241
2018,9,78.9,9.52,21.958
2018,10,80.5,8.79,22.485
2018,11,65.2,8.27,22.816
2018,12,56.5,7.98,22.693
2019,1,59.3,7.26,22.469
2019,2,64.1,6.01,22.664
2019,3,66.4,5.18,22.716
2019,4,71.2,4.92,22.848
2019,5,70.5,4.34,23.043
2019,6,63.3,3.59,22.668
2019,7,64,3.62,22.782
2019,8,59.3,3.68,23.191
2019,9,62.3,4.21,23.507
2019,10,59.4,5.06,23.257
2019,11,62.7,5.15,23.102
2019,12,65.9,4.62,22.94
2020,1,63.6,3.63,22.717
2020,2,55,2.91,22.973
2020,3,33,2.72,24.043
2020,4,23.3,2.12,25.101
2020,5,31,1.58,25.009
2020,6,39.9,1.75,23.706
2020,7,42.8,1.8,23.117
2020,8,44.3,2.86,22.122
2020,9,41.1,3.95,22.651
2020,10,40.5,4.89,23.098
2020,11,43.2,4.84,22.361
2020,12,49.9,5.86,21.625
2021,1,54.6,7.27,21.479
2021,2,62,6.16,21.388
2021,3,65.2,6.13,22.002
2021,4,64.8,7.15,21.643
2021,5,68,8.91,21.044
2021,6,73.1,10.3,21.132
2021,7,74.4,12.51,21.695
2021,8,70,15.43,21.634
2021,9,74.6,22.84,21.561
2021,10,83.7,31.05,21.967
2021,11,80.8,27.62,22.248
2021,12,74.3,38.03,22.345
2022,1,85.5,28.26,21.628
2022,2,95.8,27.23,21.55
2022,3,115.6,42.39,22.699
2022,4,105.8,32.2,22.593
2022,5,112.4,29.17,23.399
2022,6,120.1,33.56,23.4
2022,7,108.9,51.33,24.157
2022,8,98.6,70.04,24.261
2022,9,90.2,59.1,24.778
2022,10,93.1,39.02,24.986
2022,11,91.1,35.72,23.912
2022,12,80.9,36.04,22.921
2023,1,83.1,20.18,22.252
2023,2,82.7,16.54,22.129
2023,3,78.5,13.81,22.123
2023,4,84.1,13.52,21.37
2023,5,75.7,10.11,21.738
2023,6,74.9,10.35,21.86
2023,7,80.1,9.55,21.584
2023,8,86.2,11.19,22.104
2023,9,94,11.55,22.813
2023,10,91.1,14.57,23.276
2023,11,83.2,14.49,22.671
2023,12,77.9,11.51,22.457
2024,1,80.2,9.56,22.664
2024,2,83.8,8.15,23.374
2024,3,85.4,8.55,23.261
2024,4,90.1,9.09,23.563
2024,5,82,10.12,22.935
2024,6,82.6,10.87,23.032
2024,7,85.3,10.35,23.335
2024,8,80.9,12.37,22.867
2024,9,74.3,11.78,22.598
2024,10,75.7,12.92,23.191
2024,11,74.4,13.93,23.803
2024,12,73.8,13.86,23.979
2025,1,79.2,14.66,24.303
2025,2,75.2,15.34,24.082
2025,3,72.6,13.24,23.137
2025,4,67.7,11.59,22.339
2025,5,64.2,11.66,22.099
2025,6,71.5,12.37,21.539
2025,7,71,11.62,21.088
2025,8,68.2,11.15,21.079
2025,9,68,11.12,20.753
2025,10,64.7,10.89,20.903
2025,11,63.6,10.42,20.971
2025,12,62.7,9.48,20.725
2026,1,66.8,11.76,20.684
2026,2,71.1,11.24,20.516
2026,3,103.7,17.91,21.141
2026,4,120.4,15.41,20.827
2026,5,107.5,16.17,20.835
2026,6,85.4,15.17,21.02
2026,7,83.4,18.06,21.204
2026,8,90.9,21.11,20.858
2026,9,116.8,25.42,21.09
