commodity,year,country_code,mass_kg,value_mil_czk
crude_oil,1999,AT,1.0,0.001
crude_oil,1999,AZ,13050485.0,74.805
crude_oil,1999,CH,56.0,0.01
crude_oil,1999,DE,148.0,0.061
crude_oil,1999,DZ,438766366.0,1683.345
crude_oil,1999,FR,2.0,0.0
crude_oil,1999,GB,1325.0,0.268
crude_oil,1999,KZ,218487879.0,985.903
crude_oil,1999,LY,217335895.0,779.449
crude_oil,1999,NO,166285368.0,436.723
crude_oil,1999,RU,4934191299.0,18085.119
crude_oil,1999,SA,8920515.0,22.363
crude_oil,1999,US,7.0,0.031
crude_oil,2000,AT,1.0,0.014
crude_oil,2000,AZ,27005815.0,155.307
crude_oil,2000,CH,2.0,0.001
crude_oil,2000,DE,701.0,0.105
crude_oil,2000,DZ,481444336.0,4081.332
crude_oil,2000,FR,116.0,0.002
crude_oil,2000,GB,529.0,0.096
crude_oil,2000,HU,42560.0,0.71
crude_oil,2000,IQ,40793198.0,267.728
crude_oil,2000,JP,2.0,0.002
crude_oil,2000,KZ,503108854.0,4431.626
crude_oil,2000,NL,6.0,0.004
crude_oil,2000,RU,4767046464.0,34625.273
crude_oil,2000,SK,79.0,0.006
crude_oil,2000,US,18.0,0.036
crude_oil,2001,AT,1.0,0.015
crude_oil,2001,AZ,561628574.0,4126.473
crude_oil,2001,BE,10.0,0.006
crude_oil,2001,CH,190.0,0.048
crude_oil,2001,DE,77.0,0.15
crude_oil,2001,DZ,225003139.0,1876.451
crude_oil,2001,FR,923.0,0.091
crude_oil,2001,HU,70520.0,1.307
crude_oil,2001,KZ,388858040.0,3269.96
crude_oil,2001,LY,503676829.0,3710.098
crude_oil,2001,NL,5.0,0.003
crude_oil,2001,RU,4271844254.0,27516.725
crude_oil,2001,SK,20.0,0.002
crude_oil,2001,SY,53602718.0,381.041
crude_oil,2001,US,46.0,0.018
crude_oil,2002,AZ,939392336.0,5610.075
crude_oil,2002,CH,10.0,0.014
crude_oil,2002,DE,20520.0,0.8
crude_oil,2002,DZ,89386348.0,517.382
crude_oil,2002,FR,2.0,0.006
crude_oil,2002,GB,99.0,0.015
crude_oil,2002,KZ,12243702.0,84.508
crude_oil,2002,LY,162677272.0,859.412
crude_oil,2002,NL,425.0,0.054
crude_oil,2002,NO,112773396.0,615.466
crude_oil,2002,RU,4143737946.0,22058.227
crude_oil,2002,SY,550601204.0,3278.873
crude_oil,2002,TM,71005065.0,430.121
crude_oil,2003,AZ,1000254203.0,6595.732
crude_oil,2003,CH,1.0,0.001
crude_oil,2003,DE,223.0,0.06
crude_oil,2003,GB,700.0,0.033
crude_oil,2003,KZ,71257128.0,446.117
crude_oil,2003,LY,217324442.0,1405.679
crude_oil,2003,NG,14439000.0,84.266
crude_oil,2003,NO,86557049.0,503.54
crude_oil,2003,RU,4317855946.0,23439.938
crude_oil,2003,SY,635882554.0,3885.295
crude_oil,2003,US,1496.0,0.058
crude_oil,2004,AZ,982645000.0,7157.742
crude_oil,2004,DE,2024.0,0.099
crude_oil,2004,DZ,188491000.0,1398.958
crude_oil,2004,FR,2.0,0.001
crude_oil,2004,GB,1.0,0.012
crude_oil,2004,IT,151.0,0.013
crude_oil,2004,KZ,218291000.0,1653.419
crude_oil,2004,LY,235664000.0,1693.283
crude_oil,2004,NG,23445000.0,131.757
crude_oil,2004,PL,19000.0,0.333
crude_oil,2004,RU,4440348823.0,27873.517
crude_oil,2004,SE,10.0,0.017
crude_oil,2004,SK,863550.0,7.344
crude_oil,2004,SY,315790000.0,1948.5
crude_oil,2004,US,141.0,0.018
crude_oil,2005,AZ,1454833000.0,13970.032
crude_oil,2005,DE,2688.0,0.18
crude_oil,2005,DZ,177595000.0,1409.336
crude_oil,2005,KZ,249414000.0,2538.299
crude_oil,2005,LY,270068000.0,2680.593
crude_oil,2005,RU,5458404000.0,46656.571
crude_oil,2005,SK,1951.0,0.051
crude_oil,2005,SY,48760000.0,323.379
crude_oil,2005,TM,71035000.0,708.497
crude_oil,2005,US,1.0,0.0
crude_oil,2006,AZ,,21908.895
crude_oil,2006,DE,,4.145
crude_oil,2006,DZ,,205.566
crude_oil,2006,GB,,0.01
crude_oil,2006,KZ,,4740.472
crude_oil,2006,LY,,2037.236
crude_oil,2006,RU,,53591.99
crude_oil,2006,SY,,45.898
crude_oil,2007,AZ,,20716.905
crude_oil,2007,DE,,0.314
crude_oil,2007,DZ,,3086.489
crude_oil,2007,GB,,0.227
crude_oil,2007,KZ,,2576.421
crude_oil,2007,LY,,527.403
crude_oil,2007,NL,,0.022
crude_oil,2007,PL,,144.046
crude_oil,2007,RU,,44982.223
crude_oil,2007,SK,,0.535
crude_oil,2007,US,,0.067
crude_oil,2008,AT,,0.003
crude_oil,2008,AZ,,26385.808
crude_oil,2008,DE,,0.258
crude_oil,2008,DZ,,325.523
crude_oil,2008,KZ,,7312.172
crude_oil,2008,LY,,633.892
crude_oil,2008,NG,,422.84
crude_oil,2008,NO,,3187.007
crude_oil,2008,RU,,64466.595
crude_oil,2008,SK,,0.491
crude_oil,2008,SY,,187.235
crude_oil,2009,AT,175.0,0.006
crude_oil,2009,AZ,1479485000.0,12837.788
crude_oil,2009,DE,2141.0,0.155
crude_oil,2009,DZ,15141000.0,125.775
crude_oil,2009,IR,28642000.0,282.796
crude_oil,2009,KZ,488883458.0,4141.755
crude_oil,2009,LY,27011000.0,238.392
crude_oil,2009,NL,4176.0,0.13
crude_oil,2009,PL,5.0,0.001
crude_oil,2009,RU,5412596000.0,42845.147
crude_oil,2009,SK,450.0,0.265
crude_oil,2010,AZ,1993193000.0,22870.021
crude_oil,2010,CH,71.0,0.039
crude_oil,2010,DE,99130330.0,1031.234
crude_oil,2010,DZ,49693000.0,567.602
crude_oil,2010,GB,12679.0,0.691
crude_oil,2010,IR,161038000.0,1787.914
crude_oil,2010,KZ,536324000.0,6263.502
crude_oil,2010,NL,17504.0,0.544
crude_oil,2010,RU,4931009000.0,52389.927
crude_oil,2010,US,21.0,0.003
crude_oil,2011,AZ,2064014000.0,30505.485
crude_oil,2011,CH,208.0,0.018
crude_oil,2011,DE,320.0,0.015
crude_oil,2011,FR,24.0,0.007
crude_oil,2011,IR,168498000.0,2402.638
crude_oil,2011,IT,10.0,0.007
crude_oil,2011,KZ,641510000.0,9586.456
crude_oil,2011,NL,16706.0,0.672
crude_oil,2011,PL,1034219.0,16.324
crude_oil,2011,RU,4093797000.0,55928.634
crude_oil,2011,US,200.0,0.039
crude_oil,2012,AZ,1885420000.0,32012.732
crude_oil,2012,DE,47.0,0.011
crude_oil,2012,DZ,99849000.0,1721.799
crude_oil,2012,ES,110.0,0.029
crude_oil,2012,GB,12168.0,0.9
crude_oil,2012,IT,11899168.0,189.299
crude_oil,2012,KZ,501084000.0,8796.325
crude_oil,2012,NL,6631.0,0.375
crude_oil,2012,QV,380.0,0.131
crude_oil,2012,RU,4525951000.0,72293.281
crude_oil,2012,US,206.0,0.038
crude_oil,2013,AZ,1619602000.0,26830.049
crude_oil,2013,BE,4.0,0.004
crude_oil,2013,CH,65.0,0.029
crude_oil,2013,DE,4843.0,0.737
crude_oil,2013,DZ,74310000.0,1310.437
crude_oil,2013,ES,30.0,0.006
crude_oil,2013,FR,365.0,0.134
crude_oil,2013,GB,2999.0,0.219
crude_oil,2013,KZ,570939000.0,9966.365
crude_oil,2013,LY,44949000.0,783.113
crude_oil,2013,NL,2088.0,0.094
crude_oil,2013,RU,4320795000.0,66973.978
crude_oil,2013,US,181.0,0.028
crude_oil,2014,AZ,2324705000.0,38979.799
crude_oil,2014,DE,2573.0,0.285
crude_oil,2014,FR,610.0,0.218
crude_oil,2014,HU,5463030.0,64.704
crude_oil,2014,KZ,789070000.0,13605.839
crude_oil,2014,LY,67371000.0,1154.465
crude_oil,2014,NL,4307.0,0.206
crude_oil,2014,PL,2.0,0.012
crude_oil,2014,RU,4126403000.0,63337.762
crude_oil,2014,TR,91.0,0.009
crude_oil,2014,US,190.0,0.034
crude_oil,2015,AZ,2382922939.0,25662.6
crude_oil,2015,CH,6.0,0.005
crude_oil,2015,DE,43.0,0.012
crude_oil,2015,FR,400.0,0.145
crude_oil,2015,GB,0.0,0.009
crude_oil,2015,HU,20686381.0,182.073
crude_oil,2015,KZ,702264301.0,8181.21
crude_oil,2015,NL,3040.0,0.165
crude_oil,2015,RU,4025252000.0,38999.623
crude_oil,2015,TW,70.0,0.004
crude_oil,2015,US,181.0,0.039
crude_oil,2016,AZ,1488677000.0,11635.59
crude_oil,2016,DE,5346.0,0.368
crude_oil,2016,FR,1565.0,0.457
crude_oil,2016,GB,7.0,0.039
crude_oil,2016,HU,28289612.0,207.528
crude_oil,2016,IT,3969.0,0.355
crude_oil,2016,KR,1.0,0.0
crude_oil,2016,KZ,304897000.0,2333.405
crude_oil,2016,NL,4982.0,0.232
crude_oil,2016,PL,51.0,0.021
crude_oil,2016,RU,3424041000.0,26615.825
crude_oil,2016,SA,79311000.0,641.174
crude_oil,2016,SK,5.0,0.003
crude_oil,2016,US,43.0,0.017
crude_oil,2017,AZ,2425497000.0,23742.18
crude_oil,2017,DE,13103.0,1.077
crude_oil,2017,DZ,76104000.0,760.377
crude_oil,2017,FR,1180.0,0.449
crude_oil,2017,GB,6.0,0.017
crude_oil,2017,HU,15971060.0,139.388
crude_oil,2017,IT,49.0,0.06
crude_oil,2017,KZ,985840000.0,9808.025
crude_oil,2017,LB,11.0,0.003
crude_oil,2017,LY,31993000.0,371.415
crude_oil,2017,NL,1.0,0.005
crude_oil,2017,PL,102.0,0.023
crude_oil,2017,RU,4099926000.0,37539.2
crude_oil,2017,SA,178466000.0,1854.415
crude_oil,2017,US,1.0,0.005
crude_oil,2018,AZ,2182783000.0,26720.028
crude_oil,2018,BG,2.0,0.002
crude_oil,2018,DE,253.0,0.119
crude_oil,2018,DZ,81739000.0,880.563
crude_oil,2018,ES,1.0,0.002
crude_oil,2018,FR,480.0,0.216
crude_oil,2018,HU,8206460.0,83.757
crude_oil,2018,IT,39.0,0.094
crude_oil,2018,KZ,985799000.0,12290.832
crude_oil,2018,LY,79675000.0,951.464
crude_oil,2018,NL,11.0,0.034
crude_oil,2018,PL,89.0,0.021
crude_oil,2018,RU,4002666000.0,44603.234
crude_oil,2018,SA,98463000.0,1090.468
crude_oil,2018,SK,4.0,0.008
crude_oil,2019,AZ,2193737000.0,25584.287
crude_oil,2019,CH,3.0,0.01
crude_oil,2019,DE,124.0,0.129
crude_oil,2019,DZ,81821000.0,803.18
crude_oil,2019,ES,1.0,0.003
crude_oil,2019,FR,800.0,0.29
crude_oil,2019,GB,0.0,0.0
crude_oil,2019,HU,8227170.0,84.922
crude_oil,2019,IT,49.0,0.261
crude_oil,2019,KZ,990397000.0,11713.721
crude_oil,2019,LY,83465000.0,946.678
crude_oil,2019,NG,178164000.0,2000.351
crude_oil,2019,NL,5.0,0.006
crude_oil,2019,PL,86.0,0.026
crude_oil,2019,RU,3820946000.0,40445.795
crude_oil,2019,SA,104377000.0,1107.614
crude_oil,2019,US,276608000.0,3151.928
crude_oil,2020,AT,9.0,0.003
crude_oil,2020,AZ,1426242000.0,12790.01
crude_oil,2020,BE,79.0,0.019
crude_oil,2020,BG,1.0,0.001
crude_oil,2020,DE,73.0,0.077
crude_oil,2020,DK,10.0,0.039
crude_oil,2020,DZ,26202000.0,208.746
crude_oil,2020,ES,1.0,0.0
crude_oil,2020,FR,604.0,0.222
crude_oil,2020,GB,127550409.0,996.304
crude_oil,2020,IT,46.0,0.196
crude_oil,2020,KZ,566730000.0,5690.623
crude_oil,2020,NE,34547000.0,228.78
crude_oil,2020,NG,59041000.0,379.248
crude_oil,2020,NL,8.0,0.011
crude_oil,2020,NO,88510000.0,622.607
crude_oil,2020,PL,150.0,0.04
crude_oil,2020,RU,3013492000.0,22108.831
crude_oil,2020,SA,103748000.0,364.653
crude_oil,2020,US,728358000.0,5819.75
crude_oil,2021,AZ,1095868000.0,13104.745
crude_oil,2021,CA,0.0,0.001
crude_oil,2021,DE,67.0,0.025
crude_oil,2021,ES,1.0,0.002
crude_oil,2021,FR,620.0,0.226
crude_oil,2021,GB,83.0,0.071
crude_oil,2021,HK,0.0,0.0
crude_oil,2021,IT,28.0,0.069
crude_oil,2021,JP,0.0,0.001
crude_oil,2021,KZ,1239269000.0,14469.692
crude_oil,2021,LY,158180000.0,1938.788
crude_oil,2021,NG,45179000.0,294.189
crude_oil,2021,NO,80924008.0,1164.501
crude_oil,2021,PL,191.0,0.053
crude_oil,2021,RU,3417355000.0,37894.852
crude_oil,2021,SA,18.0,0.018
crude_oil,2021,TR,1.0,0.0
crude_oil,2021,UA,4.0,0.005
crude_oil,2021,US,804258052.0,9186.46
crude_oil,2022,AZ,1725704000.0,33291.043
crude_oil,2022,DE,16.0,0.058
crude_oil,2022,ES,14.0,0.005
crude_oil,2022,FI,0.0,0.004
crude_oil,2022,FR,600.0,0.212
crude_oil,2022,GB,48.0,0.047
crude_oil,2022,IT,43.0,0.143
crude_oil,2022,KZ,726427000.0,11629.457
crude_oil,2022,LY,138676000.0,3008.076
crude_oil,2022,NL,17.0,0.015
crude_oil,2022,NO,27.0,0.043
crude_oil,2022,PL,77.0,0.049
crude_oil,2022,QA,4.0,0.006
crude_oil,2022,RU,4161546000.0,53836.329
crude_oil,2022,SA,203879001.0,3943.093
crude_oil,2022,SK,1.0,0.031
crude_oil,2022,TR,8.0,0.003
crude_oil,2022,US,468598057.0,9637.247
crude_oil,2023,AZ,1964731000.0,29664.153
crude_oil,2023,DE,453.0,0.031
crude_oil,2023,FR,667.0,0.34
crude_oil,2023,GB,5.0,0.005
crude_oil,2023,GY,135330000.0,2078.752
crude_oil,2023,IQ,61793000.0,970.359
crude_oil,2023,IT,41.0,0.049
crude_oil,2023,JP,1.0,0.001
crude_oil,2023,KZ,756262000.0,11574.425
crude_oil,2023,NL,7.0,0.006
crude_oil,2023,PL,29.0,0.072
crude_oil,2023,RU,4306492000.0,47321.232
crude_oil,2023,US,181445000.0,2555.61
crude_oil,2024,AZ,2609969000.0,39540.868
crude_oil,2024,BE,200.0,0.077
crude_oil,2024,CH,1.0,0.0
crude_oil,2024,DE,1.0,0.001
crude_oil,2024,ES,1.0,0.0
crude_oil,2024,GB,7.0,0.008
crude_oil,2024,GY,58806000.0,863.167
crude_oil,2024,IT,15.0,0.064
crude_oil,2024,KZ,1015214000.0,14919.416
crude_oil,2024,NO,103029000.0,1482.563
crude_oil,2024,PL,43178.0,0.101
crude_oil,2024,RU,2714678000.0,37126.156
crude_oil,2025,AT,205.0,0.063
crude_oil,2025,AZ,2905210000.0,35976.265
crude_oil,2025,BE,200.0,0.074
crude_oil,2025,DE,13.0,0.057
crude_oil,2025,FR,8.0,0.085
crude_oil,2025,GB,11.0,0.011
crude_oil,2025,IT,23.0,0.041
crude_oil,2025,KZ,1260162000.0,15333.598
crude_oil,2025,NL,38.0,0.033
crude_oil,2025,NO,1435627000.0,15597.078
crude_oil,2025,PL,79523.0,0.14
crude_oil,2025,QV,200.0,0.076
crude_oil,2025,RU,527124000.0,7237.378
crude_oil,2025,SA,728562000.0,7954.809
crude_oil,2025,UA,242.0,0.002
crude_oil,2026,AZ,1218390000.0,19016.875
crude_oil,2026,DE,1.0,0.03
crude_oil,2026,DZ,59963000.0,748.883
crude_oil,2026,FR,18.0,0.128
crude_oil,2026,GB,12.0,0.034
crude_oil,2026,IT,8.0,0.01
crude_oil,2026,KZ,642399000.0,10386.532
crude_oil,2026,NL,20.0,0.03
crude_oil,2026,NO,643124000.0,7143.336
crude_oil,2026,PL,6139977.0,87.128
crude_oil,2026,QV,200.0,0.074
crude_oil,2026,SA,1134930000.0,16366.555
crude_oil,2026,US,93323000.0,1975.559
natural_gas,1999,AT,3782599.0,32.661
natural_gas,1999,BE,1317762.0,9.977
natural_gas,1999,BY,269600.0,1.606
natural_gas,1999,CH,18.0,0.01
natural_gas,1999,CZ,477985.0,2.4
natural_gas,1999,DE,534793283.0,1387.636
natural_gas,1999,DK,1.0,0.0
natural_gas,1999,FI,6.0,0.003
natural_gas,1999,FR,31880.0,2.313
natural_gas,1999,GB,3.0,0.011
natural_gas,1999,HR,1187520.0,9.974
natural_gas,1999,HU,1646260.0,15.975
natural_gas,1999,IT,15326.0,2.188
natural_gas,1999,KZ,46000.0,0.261
natural_gas,1999,LI,77850.0,0.364
natural_gas,1999,LT,264210.0,1.327
natural_gas,1999,NL,2060795.0,23.726
natural_gas,1999,NO,1460020069.0,3419.804
natural_gas,1999,PL,5880530.0,41.103
natural_gas,1999,QU,24.0,0.003
natural_gas,1999,RU,7321657765.0,14886.073
natural_gas,1999,SA,542450.0,6.245
natural_gas,1999,SK,46758230.0,186.528
natural_gas,1999,UA,1576400.0,7.299
natural_gas,1999,US,69.0,0.02
natural_gas,2000,AT,2233521.0,25.703
natural_gas,2000,BE,625750.0,8.751
natural_gas,2000,BY,1832250.0,16.588
natural_gas,2000,CH,35.0,0.023
natural_gas,2000,CN,394.0,0.087
natural_gas,2000,CZ,13343.0,0.128
natural_gas,2000,DE,170377136.0,1110.932
natural_gas,2000,FR,477908.0,8.663
natural_gas,2000,GB,74.0,0.133
natural_gas,2000,HR,10101340.0,135.838
natural_gas,2000,HU,4875060.0,60.545
natural_gas,2000,IE,94.0,0.01
natural_gas,2000,IT,528527.0,5.714
natural_gas,2000,LT,2308290.0,20.828
natural_gas,2000,LV,119260.0,1.061
natural_gas,2000,NL,2751055.0,40.064
natural_gas,2000,NO,2021432544.0,9403.484
natural_gas,2000,PL,11729294.0,118.748
natural_gas,2000,RO,161600.0,2.622
natural_gas,2000,RU,7466186083.0,29519.093
natural_gas,2000,SA,89500.0,1.063
natural_gas,2000,SE,421850.0,6.507
natural_gas,2000,SK,3152330.0,29.534
natural_gas,2000,UA,5918440.0,58.701
natural_gas,2000,US,63.0,0.02
natural_gas,2000,VN,22.0,0.001
natural_gas,2001,AT,700508.0,8.855
natural_gas,2001,BE,359190.0,2.937
natural_gas,2001,BY,605138.0,3.784
natural_gas,2001,CH,1213.0,0.124
natural_gas,2001,CN,30.0,0.004
natural_gas,2001,DE,75634794.0,592.619
natural_gas,2001,DK,200.0,0.163
natural_gas,2001,FR,38352.0,3.144
natural_gas,2001,GB,276201.0,2.457
natural_gas,2001,HR,18936674.0,191.311
natural_gas,2001,HU,5461650.0,62.494
natural_gas,2001,IT,949169.0,9.931
natural_gas,2001,JP,42.0,0.024
natural_gas,2001,KZ,22755100.0,241.425
natural_gas,2001,LT,549020.0,6.033
natural_gas,2001,NL,2034279.0,27.473
natural_gas,2001,NO,2326502037.0,11477.351
natural_gas,2001,PL,4804338.0,33.127
natural_gas,2001,RO,230850.0,2.725
natural_gas,2001,RU,7438244746.0,33728.424
natural_gas,2001,SE,39681.0,0.559
natural_gas,2001,SK,106920.0,0.983
natural_gas,2001,UA,15008374.0,127.03
natural_gas,2001,US,4746.0,0.802
natural_gas,2001,YU,540690.0,4.918
natural_gas,2002,AT,1034998.0,8.405
natural_gas,2002,BE,347770.0,3.419
natural_gas,2002,CH,95.0,0.272
natural_gas,2002,DE,35296270.0,287.235
natural_gas,2002,ES,12.0,0.005
natural_gas,2002,FI,234750.0,2.177
natural_gas,2002,FR,43272.0,3.239
natural_gas,2002,GB,452086.0,4.309
natural_gas,2002,HR,34314840.0,254.791
natural_gas,2002,HU,5977990.0,52.773
natural_gas,2002,IT,11449.0,1.853
natural_gas,2002,KR,98.0,0.007
natural_gas,2002,KZ,26494820.0,220.365
natural_gas,2002,LT,396160.0,3.05
natural_gas,2002,NL,634601.0,6.248
natural_gas,2002,NO,1818006761.0,9661.055
natural_gas,2002,PL,2935502.0,24.912
natural_gas,2002,RU,5170874908.0,24539.368
natural_gas,2002,SE,390928.0,3.758
natural_gas,2002,SK,3173780.0,22.622
natural_gas,2002,UA,18515624.0,104.854
natural_gas,2002,US,55173.0,1.066
natural_gas,2003,AT,1422927.0,11.675
natural_gas,2003,BE,198440.0,2.347
natural_gas,2003,BY,239300.0,2.606
natural_gas,2003,CH,39637.0,0.53
natural_gas,2003,DE,35077452.0,327.674
natural_gas,2003,FR,1465744.0,13.87
natural_gas,2003,GB,166988.0,2.169
natural_gas,2003,HR,25091840.0,202.257
natural_gas,2003,HU,9222000.0,95.654
natural_gas,2003,IT,5096042.0,32.237
natural_gas,2003,KR,40.0,0.005
natural_gas,2003,KZ,27803188.0,267.67
natural_gas,2003,LT,446960.0,4.31
natural_gas,2003,NL,4062086.0,35.605
natural_gas,2003,NO,1742127847.0,9691.46
natural_gas,2003,PL,2242379.0,20.188
natural_gas,2003,RU,5044118131.0,26437.934
natural_gas,2003,SE,1802850.0,19.984
natural_gas,2003,SK,8507308.0,60.67
natural_gas,2003,TW,66.0,0.003
natural_gas,2003,UA,5318720.0,42.626
natural_gas,2003,US,8326.0,0.563
natural_gas,2004,AT,1451468.0,16.848
natural_gas,2004,BE,813871.0,10.626
natural_gas,2004,BY,591070.0,5.255
natural_gas,2004,CH,11592786.0,25.912
natural_gas,2004,CN,1.0,0.0
natural_gas,2004,DE,32506027.0,307.975
natural_gas,2004,DK,115.0,0.027
natural_gas,2004,FR,576403.0,11.294
natural_gas,2004,GB,1409.0,0.271
natural_gas,2004,HR,15025130.0,146.489
natural_gas,2004,HU,9075010.0,77.864
natural_gas,2004,IT,8869757.0,69.471
natural_gas,2004,KR,2337.0,0.17
natural_gas,2004,KZ,34214810.0,355.934
natural_gas,2004,NL,5715774.0,56.626
natural_gas,2004,NO,1324681693.0,8558.207
natural_gas,2004,PL,5646781.0,52.226
natural_gas,2004,QU,25.0,0.003
natural_gas,2004,RO,81650.0,0.805
natural_gas,2004,RU,5040408139.0,23487.979
natural_gas,2004,SE,135100.0,1.272
natural_gas,2004,SK,13680511.0,122.171
natural_gas,2004,TW,893.0,0.124
natural_gas,2004,UA,7571330.0,71.145
natural_gas,2004,US,8318.0,0.586
natural_gas,2005,AT,2182863.0,25.067
natural_gas,2005,BE,45226.0,0.581
natural_gas,2005,BY,1306400.0,12.595
natural_gas,2005,CH,1701050.0,19.379
natural_gas,2005,CN,240.0,0.052
natural_gas,2005,DE,39057601.0,490.899
natural_gas,2005,DK,24.0,0.012
natural_gas,2005,FR,48012.0,5.157
natural_gas,2005,GB,1588874.0,29.184
natural_gas,2005,HR,12284840.0,130.391
natural_gas,2005,HU,3575100.0,36.259
natural_gas,2005,IE,6.0,0.002
natural_gas,2005,IT,7046515.0,69.176
natural_gas,2005,JP,60.0,0.01
natural_gas,2005,KR,2198.0,0.164
natural_gas,2005,KZ,29671520.0,350.742
natural_gas,2005,NL,1311780.0,18.574
natural_gas,2005,NO,1106368599.0,8539.951
natural_gas,2005,PL,10134725.0,94.034
natural_gas,2005,QU,145.0,0.027
natural_gas,2005,RO,172750.0,1.494
natural_gas,2005,RU,5643422819.0,37224.533
natural_gas,2005,SE,109.0,0.019
natural_gas,2005,SK,10810464.0,105.518
natural_gas,2005,TW,715.0,0.09
natural_gas,2005,UA,3269550.0,35.226
natural_gas,2005,US,24676.0,1.754
natural_gas,2006,AT,,43.47
natural_gas,2006,BE,,12.754
natural_gas,2006,BY,,1.162
natural_gas,2006,CH,,28.268
natural_gas,2006,CN,,0.256
natural_gas,2006,DE,,521.004
natural_gas,2006,DK,,0.082
natural_gas,2006,ES,,0.016
natural_gas,2006,FR,,4.443
natural_gas,2006,GB,,0.587
natural_gas,2006,GR,,0.669
natural_gas,2006,HR,,77.711
natural_gas,2006,HU,,33.888
natural_gas,2006,IE,,0.001
natural_gas,2006,IT,,126.014
natural_gas,2006,JP,,0.004
natural_gas,2006,KR,,0.22
natural_gas,2006,KZ,,299.855
natural_gas,2006,LT,,2.625
natural_gas,2006,NL,,39.05
natural_gas,2006,NO,,10666.719
natural_gas,2006,PL,,325.472
natural_gas,2006,RU,,49159.533
natural_gas,2006,SE,,0.034
natural_gas,2006,SK,,44.595
natural_gas,2006,TW,,0.119
natural_gas,2006,UA,,18.839
natural_gas,2006,US,,1.648
natural_gas,2007,AT,,57.615
natural_gas,2007,BE,,2.57
natural_gas,2007,BY,,0.447
natural_gas,2007,CH,,21.284
natural_gas,2007,CN,,0.198
natural_gas,2007,DE,,538.96
natural_gas,2007,DK,,0.042
natural_gas,2007,EE,,0.0
natural_gas,2007,ES,,0.013
natural_gas,2007,FR,,5.135
natural_gas,2007,GB,,3.825
natural_gas,2007,HR,,77.104
natural_gas,2007,HU,,3.257
natural_gas,2007,IT,,59.07
natural_gas,2007,JP,,0.087
natural_gas,2007,KR,,0.382
natural_gas,2007,KZ,,289.093
natural_gas,2007,NL,,13.478
natural_gas,2007,NO,,4824.162
natural_gas,2007,PL,,387.877
natural_gas,2007,RU,,45218.909
natural_gas,2007,SE,,0.005
natural_gas,2007,SK,,93.538
natural_gas,2007,TW,,0.165
natural_gas,2007,UA,,7.199
natural_gas,2007,US,,1.509
natural_gas,2008,AT,,120.128
natural_gas,2008,BE,,21.134
natural_gas,2008,BG,,11.468
natural_gas,2008,BY,,0.554
natural_gas,2008,CH,,44.865
natural_gas,2008,CN,,0.113
natural_gas,2008,DE,,2021.962
natural_gas,2008,EE,,0.004
natural_gas,2008,ES,,0.046
natural_gas,2008,FR,,14.147
natural_gas,2008,GB,,0.424
natural_gas,2008,GR,,0.002
natural_gas,2008,HK,,0.038
natural_gas,2008,HR,,48.854
natural_gas,2008,HU,,0.086
natural_gas,2008,IT,,84.47
natural_gas,2008,JP,,0.146
natural_gas,2008,KR,,0.801
natural_gas,2008,KZ,,271.643
natural_gas,2008,NL,,46.373
natural_gas,2008,NO,,7412.638
natural_gas,2008,PL,,251.718
natural_gas,2008,RU,,63459.37
natural_gas,2008,SE,,0.007
natural_gas,2008,SK,,78.776
natural_gas,2008,SM,,0.163
natural_gas,2008,TW,,0.173
natural_gas,2008,UA,,4.009
natural_gas,2008,US,,2.11
natural_gas,2009,AS,23.0,0.018
natural_gas,2009,AT,5107135.0,64.455
natural_gas,2009,BE,1305433.0,12.471
natural_gas,2009,BG,215800.0,1.918
natural_gas,2009,CA,3.0,0.027
natural_gas,2009,CH,1882325.0,17.063
natural_gas,2009,CN,1085.0,0.222
natural_gas,2009,DE,409981433.0,3163.644
natural_gas,2009,DK,389.0,0.116
natural_gas,2009,EE,104.0,0.032
natural_gas,2009,ES,7939.0,0.13
natural_gas,2009,FR,62203.0,5.928
natural_gas,2009,GB,8587.0,1.139
natural_gas,2009,GR,9190.0,0.528
natural_gas,2009,HR,1863580.0,14.88
natural_gas,2009,HU,7772261.0,95.188
natural_gas,2009,IT,47932913.0,480.436
natural_gas,2009,JP,102.0,0.038
natural_gas,2009,KR,8175.0,0.674
natural_gas,2009,KZ,34488205.0,353.021
natural_gas,2009,NL,1378396.0,16.231
natural_gas,2009,NO,1619859713.0,11099.933
natural_gas,2009,PL,9163233.0,85.095
natural_gas,2009,QV,365220.0,4.068
natural_gas,2009,RU,5075635079.0,45597.751
natural_gas,2009,SK,8148660.0,85.323
natural_gas,2009,TW,721.0,0.133
natural_gas,2009,US,244.0,0.355
natural_gas,2010,AT,4654513.0,55.236
natural_gas,2010,BE,45298011.0,304.06
natural_gas,2010,BY,1107780.0,16.941
natural_gas,2010,CH,506793.0,6.511
natural_gas,2010,CN,1843.0,0.301
natural_gas,2010,DE,971493536.0,6905.313
natural_gas,2010,EE,205.0,0.064
natural_gas,2010,ES,8661.0,0.108
natural_gas,2010,FR,62549.0,5.742
natural_gas,2010,GB,28643131.0,196.522
natural_gas,2010,GR,5195.0,0.288
natural_gas,2010,HU,10932305.0,161.358
natural_gas,2010,IT,76548082.0,510.028
natural_gas,2010,JP,3.0,0.001
natural_gas,2010,KR,10954.0,0.872
natural_gas,2010,KZ,28955455.0,423.534
natural_gas,2010,NL,153459.0,2.355
natural_gas,2010,NO,2032320637.0,16095.644
natural_gas,2010,PL,14177905.0,202.57
natural_gas,2010,QV,10550820.0,102.797
natural_gas,2010,RU,6019463896.0,53170.23
natural_gas,2010,SK,30907465.0,454.894
natural_gas,2010,TW,2532.0,0.507
natural_gas,2010,UA,89800.0,1.261
natural_gas,2010,US,204.0,0.344
natural_gas,2011,AT,13518465.0,275.292
natural_gas,2011,BE,2436938.0,20.397
natural_gas,2011,BY,831710.0,13.393
natural_gas,2011,CA,1.0,0.005
natural_gas,2011,CH,118.0,0.109
natural_gas,2011,CN,11546.0,0.579
natural_gas,2011,DE,2000847580.0,16214.161
natural_gas,2011,DK,2748193.0,24.611
natural_gas,2011,EE,180.0,0.054
natural_gas,2011,ES,9724.0,0.123
natural_gas,2011,FR,58269.0,5.434
natural_gas,2011,GB,3320.0,0.642
natural_gas,2011,HU,17909650.0,384.486
natural_gas,2011,IT,123739903.0,961.232
natural_gas,2011,KP,10.0,0.003
natural_gas,2011,KR,16673.0,1.59
natural_gas,2011,KZ,28200338.0,471.864
natural_gas,2011,NL,6036414.0,162.73
natural_gas,2011,NO,1818764062.0,18293.576
natural_gas,2011,PL,18128176.0,278.666
natural_gas,2011,QR,20060.0,0.329
natural_gas,2011,QV,99200.0,1.882
natural_gas,2011,RU,5083547219.0,53683.626
natural_gas,2011,SK,57808095.0,1012.668
natural_gas,2011,TW,1389.0,0.135
natural_gas,2011,UA,46650.0,0.638
natural_gas,2011,US,159.0,0.265
natural_gas,2012,AT,32446963.0,712.373
natural_gas,2012,BA,45500.0,0.824
natural_gas,2012,BE,40009.0,1.0
natural_gas,2012,BY,1498910.0,25.141
natural_gas,2012,CA,1.0,0.005
natural_gas,2012,CH,69.0,0.075
natural_gas,2012,CN,11154.0,0.532
natural_gas,2012,DE,1593354351.0,14760.592
natural_gas,2012,DK,43393.0,0.327
natural_gas,2012,EE,333.0,0.105
natural_gas,2012,ES,855.0,0.123
natural_gas,2012,FR,48569318.0,338.779
natural_gas,2012,GB,1042.0,0.198
natural_gas,2012,GR,9058.0,0.587
natural_gas,2012,HR,10.0,0.003
natural_gas,2012,HU,14610540.0,339.616
natural_gas,2012,IT,8677022.0,73.464
natural_gas,2012,KI,139820.0,3.055
natural_gas,2012,KP,43.0,0.006
natural_gas,2012,KR,16585.0,1.676
natural_gas,2012,KZ,20712280.0,388.629
natural_gas,2012,LV,42760.0,0.726
natural_gas,2012,NL,43722688.0,1205.564
natural_gas,2012,NO,2005895402.0,24294.238
natural_gas,2012,PL,27467058.0,464.702
natural_gas,2012,QU,184633124.0,1892.963
natural_gas,2012,RU,3954658254.0,56484.271
natural_gas,2012,SE,46.0,0.017
natural_gas,2012,SK,33553605.0,740.668
natural_gas,2012,TW,3213.0,0.462
natural_gas,2012,US,3367.0,0.82
natural_gas,2013,AT,17768662.0,328.491
natural_gas,2013,BE,182404.0,5.317
natural_gas,2013,BY,5483796.0,80.317
natural_gas,2013,CH,76.0,0.083
natural_gas,2013,CN,16836.0,1.017
natural_gas,2013,DE,1233002678.0,11882.55
natural_gas,2013,DK,11580622.0,113.542
natural_gas,2013,EE,302.0,0.096
natural_gas,2013,ES,807.0,0.137
natural_gas,2013,FR,22610889.0,482.369
natural_gas,2013,GB,61637719.0,426.264
natural_gas,2013,GR,12100.0,0.796
natural_gas,2013,HU,7009070.0,149.487
natural_gas,2013,IT,38874985.0,365.784
natural_gas,2013,KR,27470.0,2.706
natural_gas,2013,KZ,16964083.0,280.08
natural_gas,2013,LV,21100.0,0.311
natural_gas,2013,NL,31571709.0,656.524
natural_gas,2013,NO,2094578491.0,23898.657
natural_gas,2013,NP,6700.0,0.097
natural_gas,2013,PL,66644559.0,1116.504
natural_gas,2013,QU,391437309.0,4060.639
natural_gas,2013,QV,1263512.0,12.877
natural_gas,2013,RU,4921054330.0,58530.148
natural_gas,2013,SE,27.0,0.007
natural_gas,2013,SK,37814940.0,731.795
natural_gas,2013,TW,987.0,0.173
natural_gas,2013,US,1442.0,0.326
natural_gas,2013,ZW,39580.0,0.682
natural_gas,2014,AT,22730081.0,230.215
natural_gas,2014,BE,720460.0,11.681
natural_gas,2014,BY,1961060.0,32.782
natural_gas,2014,CH,74.0,0.078
natural_gas,2014,CN,18752.0,0.913
natural_gas,2014,DE,705618464.0,6329.452
natural_gas,2014,DK,10705105.0,69.823
natural_gas,2014,EE,261.0,0.09
natural_gas,2014,ES,630.0,0.093
natural_gas,2014,FR,59873932.0,607.96
natural_gas,2014,GB,49093777.0,324.259
natural_gas,2014,GR,14384.0,0.994
natural_gas,2014,IT,7897.0,1.303
natural_gas,2014,KR,33034.0,3.01
natural_gas,2014,KZ,16130912.0,275.093
natural_gas,2014,NL,83970560.0,1497.405
natural_gas,2014,NO,785693374.0,9420.97
natural_gas,2014,PL,46626132.0,826.63
natural_gas,2014,QU,300964863.0,3107.205
natural_gas,2014,QV,2663922.0,30.315
natural_gas,2014,RU,4087113756.0,39499.194
natural_gas,2014,SE,1.0,0.0
natural_gas,2014,SK,111126199.0,1006.35
natural_gas,2014,TW,1915.0,0.386
natural_gas,2014,US,2929.0,0.827
natural_gas,2015,AT,20567856.0,158.309
natural_gas,2015,BE,6642695.0,71.688
natural_gas,2015,BR,45.0,0.039
natural_gas,2015,BY,79020.0,0.792
natural_gas,2015,CH,44.0,0.051
natural_gas,2015,CN,9946.0,0.83
natural_gas,2015,DE,2116710719.0,16799.992
natural_gas,2015,DK,29679167.0,195.297
natural_gas,2015,EE,26.0,0.009
natural_gas,2015,ES,639.0,0.093
natural_gas,2015,FR,9230664.0,90.068
natural_gas,2015,GB,92658482.0,608.781
natural_gas,2015,GR,1381.0,0.082
natural_gas,2015,HU,36.0,0.102
natural_gas,2015,IT,5338.0,0.76
natural_gas,2015,KR,23606.0,2.807
natural_gas,2015,KZ,4821530.0,55.997
natural_gas,2015,LT,22.0,0.006
natural_gas,2015,LU,66822253.0,535.276
natural_gas,2015,NL,82872835.0,1014.756
natural_gas,2015,NO,416346846.0,3440.831
natural_gas,2015,PL,65421414.0,726.12
natural_gas,2015,QU,699254073.0,6598.352
natural_gas,2015,QV,143481.0,1.304
natural_gas,2015,RU,4073334224.0,36325.025
natural_gas,2015,SK,9531339.0,143.825
natural_gas,2015,TR,15274450.0,223.043
natural_gas,2015,TW,1257.0,0.235
natural_gas,2015,US,1210.0,0.372
natural_gas,2016,AT,7856661.0,72.135
natural_gas,2016,BE,6784442.0,61.564
natural_gas,2016,BY,656880.0,5.381
natural_gas,2016,CA,2.0,0.023
natural_gas,2016,CH,6598949.0,39.895
natural_gas,2016,CN,7402.0,0.736
natural_gas,2016,DE,969718522.0,5947.492
natural_gas,2016,DK,10812024.0,84.563
natural_gas,2016,ES,779.0,0.114
natural_gas,2016,FR,16800308.0,81.793
natural_gas,2016,GB,26037030.0,146.417
natural_gas,2016,GR,25788.0,2.207
natural_gas,2016,HU,2030976.0,21.02
natural_gas,2016,IT,710646.0,8.112
natural_gas,2016,KR,32044.0,3.836
natural_gas,2016,KZ,1658330.0,13.991
natural_gas,2016,LT,270.0,0.034
natural_gas,2016,LU,58157738.0,351.434
natural_gas,2016,NL,79716426.0,861.443
natural_gas,2016,NO,1076049177.0,6027.475
natural_gas,2016,PL,59490966.0,518.102
natural_gas,2016,PT,232980.0,2.842
natural_gas,2016,QU,780608044.0,5835.016
natural_gas,2016,QV,18.0,0.005
natural_gas,2016,RU,4469405783.0,29556.098
natural_gas,2016,SK,26080615.0,271.767
natural_gas,2016,TR,29736750.0,388.241
natural_gas,2016,TW,1336.0,0.267
natural_gas,2016,US,876.0,0.423
natural_gas,2017,AT,5785364.0,68.889
natural_gas,2017,BE,10689407.0,169.367
natural_gas,2017,BG,19500.0,0.222
natural_gas,2017,BY,777140.0,9.259
natural_gas,2017,CH,1150653.0,17.239
natural_gas,2017,CN,3523.0,0.456
natural_gas,2017,DE,245413015.0,1876.289
natural_gas,2017,DK,32507521.0,237.375
natural_gas,2017,ES,727.0,0.145
natural_gas,2017,FR,228735.0,7.602
natural_gas,2017,GB,2573.0,0.717
natural_gas,2017,GR,13789.0,1.286
natural_gas,2017,HU,27.0,0.076
natural_gas,2017,IT,1275267.0,15.78
natural_gas,2017,KH,15.0,0.003
natural_gas,2017,KR,47817.0,5.073
natural_gas,2017,KZ,4401525.0,52.118
natural_gas,2017,LU,451407.0,3.735
natural_gas,2017,NL,61252436.0,936.364
natural_gas,2017,NO,15835.0,0.132
natural_gas,2017,PL,54398763.0,634.475
natural_gas,2017,QU,786328885.0,5636.653
natural_gas,2017,QV,2053.0,0.011
natural_gas,2017,RU,5636860304.0,39327.181
natural_gas,2017,SK,13481410.0,150.168
natural_gas,2017,TW,2006.0,0.478
natural_gas,2017,US,1838.0,0.515
natural_gas,2018,AT,7091638.0,93.641
natural_gas,2018,BE,8094243.0,101.266
natural_gas,2018,BY,369880.0,4.277
natural_gas,2018,CH,534705.0,1.754
natural_gas,2018,CN,1147.0,0.48
natural_gas,2018,DE,289676380.0,2633.895
natural_gas,2018,DK,2587454.0,7.83
natural_gas,2018,EE,25.0,0.011
natural_gas,2018,ES,906.0,0.156
natural_gas,2018,FI,205.0,0.098
natural_gas,2018,FR,3924164.0,32.911
natural_gas,2018,GB,111.0,0.056
natural_gas,2018,GR,13.0,0.001
natural_gas,2018,HR,101840.0,2.548
natural_gas,2018,HU,901769.0,11.557
natural_gas,2018,IT,823903.0,13.074
natural_gas,2018,KR,40041.0,4.52
natural_gas,2018,KZ,2726150.0,34.136
natural_gas,2018,LT,411043.0,3.377
natural_gas,2018,LV,22020.0,0.23
natural_gas,2018,NL,55762280.0,881.332
natural_gas,2018,PL,76968074.0,945.641
natural_gas,2018,QU,85178455.0,632.071
natural_gas,2018,QV,17.0,0.004
natural_gas,2018,RO,10.0,0.007
natural_gas,2018,RU,5592200742.0,46595.323
natural_gas,2018,SE,1.0,0.001
natural_gas,2018,SK,15988926.0,200.747
natural_gas,2018,TW,386.0,0.132
natural_gas,2018,UA,13804270.0,246.311
natural_gas,2018,US,3660.0,1.163
natural_gas,2019,AE,124.0,0.02
natural_gas,2019,AT,3668235.0,40.265
natural_gas,2019,BE,20115404.0,204.391
natural_gas,2019,CH,1807989.0,3.986
natural_gas,2019,CN,2580.0,4.444
natural_gas,2019,DE,775172073.0,4819.108
natural_gas,2019,DK,3695608.0,6.637
natural_gas,2019,EE,55.0,0.012
natural_gas,2019,ES,52.0,0.065
natural_gas,2019,FR,332258.0,8.814
natural_gas,2019,GB,346.0,0.126
natural_gas,2019,HU,24.0,0.069
natural_gas,2019,IT,1893312.0,21.256
natural_gas,2019,KR,46560.0,5.386
natural_gas,2019,KZ,11194990.0,125.477
natural_gas,2019,LU,1.0,0.0
natural_gas,2019,MK,30862.0,1.794
natural_gas,2019,NL,45591072.0,532.419
natural_gas,2019,NO,534406622.0,2486.685
natural_gas,2019,PL,25492570.0,294.356
natural_gas,2019,PT,0.0,0.0
natural_gas,2019,QV,10.0,0.002
natural_gas,2019,RU,6197805931.0,37366.35
natural_gas,2019,SI,60.0,0.006
natural_gas,2019,SK,25115962.0,194.0
natural_gas,2019,TW,757.0,0.187
natural_gas,2019,UA,40771017.0,560.464
natural_gas,2019,US,4253.0,1.633
natural_gas,2020,AT,2773265.0,27.803
natural_gas,2020,BE,18453549.0,160.246
natural_gas,2020,BY,60080.0,0.917
natural_gas,2020,CH,45.0,0.039
natural_gas,2020,CN,5145.0,1.105
natural_gas,2020,DE,1726487247.0,6257.101
natural_gas,2020,DK,110.0,0.064
natural_gas,2020,EE,49.0,0.018
natural_gas,2020,ES,1051.0,0.222
natural_gas,2020,FI,6.0,0.003
natural_gas,2020,FR,47748.0,8.759
natural_gas,2020,GB,601.0,0.154
natural_gas,2020,GR,200.0,0.018
natural_gas,2020,HU,80.0,0.059
natural_gas,2020,IE,17.0,0.006
natural_gas,2020,IL,9.0,0.002
natural_gas,2020,IN,21.0,0.002
natural_gas,2020,IT,1253987.0,14.951
natural_gas,2020,KR,44336.0,4.175
natural_gas,2020,KZ,9136040.0,94.35
natural_gas,2020,MK,30671.0,1.824
natural_gas,2020,NL,61149458.0,572.477
natural_gas,2020,PL,16519801.0,147.047
natural_gas,2020,QV,17569094.0,181.319
natural_gas,2020,QW,0.0,0.0
natural_gas,2020,RU,4522953550.0,18709.572
natural_gas,2020,SI,265.0,0.05
natural_gas,2020,SK,6068310.0,50.462
natural_gas,2020,TH,1.0,0.0
natural_gas,2020,TW,464.0,0.201
natural_gas,2020,UA,10878360.0,146.043
natural_gas,2020,US,1861.0,1.215
natural_gas,2021,AT,2559325.0,48.168
natural_gas,2021,BE,23244858.0,361.773
natural_gas,2021,CH,486.0,0.135
natural_gas,2021,CN,2920.0,0.753
natural_gas,2021,DE,36345152.0,505.808
natural_gas,2021,DK,552636.0,3.04
natural_gas,2021,ES,1923.0,0.331
natural_gas,2021,FR,57318.0,10.233
natural_gas,2021,GB,1009.0,0.315
natural_gas,2021,GR,582.0,0.045
natural_gas,2021,HU,47108.0,0.786
natural_gas,2021,IE,56.0,0.018
natural_gas,2021,IN,2.0,0.001
natural_gas,2021,IT,542783.0,12.268
natural_gas,2021,KR,93927.0,9.38
natural_gas,2021,KZ,14768740.0,236.887
natural_gas,2021,LT,936.0,0.201
natural_gas,2021,MK,15103.0,0.894
natural_gas,2021,NL,48548428.0,698.116
natural_gas,2021,PL,17646230.0,281.936
natural_gas,2021,QV,48966051.0,603.813
natural_gas,2021,RU,6346352353.0,75830.576
natural_gas,2021,SE,11.0,0.003
natural_gas,2021,SI,73.0,0.04
natural_gas,2021,SK,4036671.0,68.946
natural_gas,2021,TW,391.0,0.156
natural_gas,2021,UA,11459546.0,168.127
natural_gas,2021,US,2554.0,1.164
natural_gas,2022,AT,424312.0,9.156
natural_gas,2022,BE,23918711.0,456.639
natural_gas,2022,CH,41.0,0.051
natural_gas,2022,CN,5204.0,1.054
natural_gas,2022,CY,122750.0,1.989
natural_gas,2022,DE,41686698.0,762.045
natural_gas,2022,DK,1488.0,0.653
natural_gas,2022,ES,50463.0,2.371
natural_gas,2022,FR,102202.0,13.785
natural_gas,2022,GB,1243.0,0.575
natural_gas,2022,GR,5064.0,0.162
natural_gas,2022,HN,180.0,0.021
natural_gas,2022,HR,7.0,0.01
natural_gas,2022,HU,2895.0,0.456
natural_gas,2022,IE,59.0,0.023
natural_gas,2022,IT,917552.0,26.393
natural_gas,2022,KR,157491.0,20.069
natural_gas,2022,KZ,719800.0,11.958
natural_gas,2022,MK,39490.0,3.03
natural_gas,2022,NL,48100168.0,1003.01
natural_gas,2022,NO,1129340416.0,39286.111
natural_gas,2022,PL,29470230.0,665.765
natural_gas,2022,QV,18786194.0,390.122
natural_gas,2022,RU,5241129647.0,182801.529
natural_gas,2022,SE,8.0,0.005
natural_gas,2022,SI,16.0,0.011
natural_gas,2022,SK,6988615.0,129.156
natural_gas,2022,TW,861.0,0.282
natural_gas,2022,US,218540495.0,6824.898
natural_gas,2022,VN,6.0,0.007
natural_gas,2023,AL,15142.0,1.042
natural_gas,2023,AT,1253037.0,21.789
natural_gas,2023,BE,27230195.0,429.218
natural_gas,2023,BG,36601.0,3.606
natural_gas,2023,CH,22.0,0.019
natural_gas,2023,CN,3619.0,1.014
natural_gas,2023,CY,244920.0,2.414
natural_gas,2023,DE,29416392.0,426.411
natural_gas,2023,DK,5323.0,1.316
natural_gas,2023,ES,349364.0,13.001
natural_gas,2023,FR,7982367.0,117.313
natural_gas,2023,GB,11480767.0,131.488
natural_gas,2023,GR,5725.0,0.594
natural_gas,2023,HU,3784.0,0.428
natural_gas,2023,IE,235.0,0.091
natural_gas,2023,IT,918582.0,23.722
natural_gas,2023,KR,114920.0,12.574
natural_gas,2023,LT,102820.0,1.429
natural_gas,2023,LV,103720.0,1.599
natural_gas,2023,MK,30755.0,2.372
natural_gas,2023,NL,8016077.0,136.974
natural_gas,2023,NO,4256025410.0,75672.495
natural_gas,2023,PL,19846415.0,342.168
natural_gas,2023,PT,112.0,0.001
natural_gas,2023,QU,151769862.0,2567.193
natural_gas,2023,QV,92401512.0,2094.841
natural_gas,2023,RO,2031.0,0.559
natural_gas,2023,RU,403355642.0,7349.527
natural_gas,2023,SE,3.0,0.001
natural_gas,2023,SI,14.0,0.002
natural_gas,2023,SK,2992930.0,29.041
natural_gas,2023,TW,342.0,0.129
natural_gas,2023,UA,18.0,0.001
natural_gas,2023,US,9035.0,2.126
natural_gas,2024,AL,4173.0,0.284
natural_gas,2024,AT,3314108.0,55.254
natural_gas,2024,BE,25300795.0,442.838
natural_gas,2024,BG,1.0,0.001
natural_gas,2024,CA,1056.0,0.099
natural_gas,2024,CH,665.0,0.052
natural_gas,2024,CN,9811.0,3.242
natural_gas,2024,CY,287160.0,3.44
natural_gas,2024,DE,32636628.0,506.844
natural_gas,2024,DK,4996596.0,79.388
natural_gas,2024,ES,2152.0,0.455
natural_gas,2024,FR,8182433.0,131.781
natural_gas,2024,GB,1792.0,0.822
natural_gas,2024,GE,2.0,0.001
natural_gas,2024,GR,8527.0,1.471
natural_gas,2024,HR,3.0,0.0
natural_gas,2024,HU,2127.0,0.255
natural_gas,2024,IE,290.0,0.092
natural_gas,2024,IL,1.0,0.001
natural_gas,2024,IT,592628.0,19.681
natural_gas,2024,KR,109233.0,10.981
natural_gas,2024,LT,355000.0,4.933
natural_gas,2024,LU,2509840.0,38.102
natural_gas,2024,LV,2237620.0,31.757
natural_gas,2024,MK,15599.0,1.13
natural_gas,2024,NL,18180772.0,302.036
natural_gas,2024,NO,2819906503.0,43173.052
natural_gas,2024,PL,16354895.0,271.616
natural_gas,2024,QU,23712319.0,292.878
natural_gas,2024,QV,20934773.0,380.424
natural_gas,2024,RO,4.0,0.002
natural_gas,2024,RU,1299234619.0,20642.966
natural_gas,2024,SE,4.0,0.002
natural_gas,2024,SI,71.0,0.04
natural_gas,2024,SK,7240292.0,110.23
natural_gas,2024,TW,584.0,0.132
natural_gas,2024,US,985.0,0.42
natural_gas,2025,AT,2582354.0,39.541
natural_gas,2025,BE,20042286.0,329.443
natural_gas,2025,BG,1.0,0.0
natural_gas,2025,CH,347.0,0.075
natural_gas,2025,CN,32035.0,4.846
natural_gas,2025,DE,34608984.0,481.21
natural_gas,2025,DK,9898.0,2.305
natural_gas,2025,ES,1961.0,0.352
natural_gas,2025,FR,10031191.0,142.943
natural_gas,2025,GB,917.0,0.351
natural_gas,2025,GR,12903.0,0.733
natural_gas,2025,HR,9.0,0.001
natural_gas,2025,HU,64696.0,1.626
natural_gas,2025,IE,35.0,0.015
natural_gas,2025,IT,308114.0,16.117
natural_gas,2025,KR,184423.0,14.855
natural_gas,2025,LU,25221620.0,332.831
natural_gas,2025,LV,103380.0,1.55
natural_gas,2025,MK,32538.0,2.393
natural_gas,2025,NL,9168607.0,142.794
natural_gas,2025,NO,3783782830.0,53928.632
natural_gas,2025,PL,10546826.0,180.917
natural_gas,2025,QU,1630431898.0,23124.413
natural_gas,2025,QV,17366164.0,279.689
natural_gas,2025,RU,612040.0,11.075
natural_gas,2025,SE,1694.0,0.086
natural_gas,2025,SI,2261.0,0.192
natural_gas,2025,SK,8855970.0,124.427
natural_gas,2025,TW,933.0,0.259
natural_gas,2025,US,39.0,0.048
natural_gas,2026,AT,1520038.0,27.341
natural_gas,2026,BE,4382676.0,96.376
natural_gas,2026,CH,25.0,0.036
natural_gas,2026,CN,9806.0,2.784
natural_gas,2026,DE,26513909.0,457.755
natural_gas,2026,DK,480759.0,10.715
natural_gas,2026,EE,5.0,0.003
natural_gas,2026,ES,769.0,0.255
natural_gas,2026,FR,11850808.0,189.993
natural_gas,2026,GB,479.0,0.191
natural_gas,2026,GR,17272.0,1.448
natural_gas,2026,HR,2.0,0.0
natural_gas,2026,HU,84368.0,1.909
natural_gas,2026,IE,40.0,0.017
natural_gas,2026,IT,195444.0,12.663
natural_gas,2026,KR,115994.0,9.022
natural_gas,2026,LU,19610213.0,297.2
natural_gas,2026,MK,15616.0,1.162
natural_gas,2026,NL,4417998.0,77.969
natural_gas,2026,NO,1924714187.0,31289.133
natural_gas,2026,PL,9680793.0,206.001
natural_gas,2026,QU,1067460318.0,17093.749
natural_gas,2026,QV,14738900.0,275.795
natural_gas,2026,SA,45288.0,2.124
natural_gas,2026,SE,7.0,0.003
natural_gas,2026,SI,13913.0,1.092
natural_gas,2026,SK,13505.0,86.766
natural_gas,2026,TW,191.0,0.036
natural_gas,2026,US,40363.0,1.132
