region,year,share_pct
usa,2000,19.46
indie,2000,10.90
svet,2000,15.59
cina,2000,11.67
eu,2000,18.40
usa,2001,19.55
indie,2001,11.06
svet,2001,15.73
cina,2001,12.37
eu,2001,18.49
usa,2002,20.07
indie,2002,11.39
svet,2002,16.02
cina,2002,13.10
eu,2002,18.81
usa,2003,20.03
indie,2003,11.88
svet,2003,16.16
cina,2003,13.97
eu,2003,18.79
usa,2004,19.94
indie,2004,12.16
svet,2004,16.15
cina,2004,13.96
eu,2004,19.04
usa,2005,20.53
indie,2005,12.47
svet,2005,16.36
cina,2005,14.18
eu,2005,19.16
usa,2006,20.68
indie,2006,13.13
svet,2006,16.64
cina,2006,15.30
eu,2006,19.51
usa,2007,21.00
indie,2007,13.40
svet,2007,17.00
cina,2007,16.61
eu,2007,20.01
usa,2008,21.49
indie,2008,13.37
svet,2008,17.14
cina,2008,16.99
eu,2008,20.01
usa,2009,21.58
indie,2009,13.59
svet,2009,17.25
cina,2009,17.47
eu,2009,20.03
usa,2010,21.53
indie,2010,13.95
svet,2010,17.47
cina,2010,18.18
eu,2010,20.17
usa,2011,22.05
indie,2011,14.26
svet,2011,17.79
cina,2011,19.17
eu,2011,20.70
usa,2012,22.16
indie,2012,14.71
svet,2012,18.05
cina,2012,19.70
eu,2012,20.87
usa,2013,21.66
indie,2013,14.91
svet,2013,18.26
cina,2013,20.66
eu,2013,20.77
usa,2014,21.50
indie,2014,15.89
svet,2014,18.52
cina,2014,21.46
eu,2014,21.20
usa,2015,21.52
indie,2015,16.03
svet,2015,18.50
cina,2015,21.35
eu,2015,21.19
usa,2016,21.62
indie,2016,16.47
svet,2016,18.87
cina,2016,22.53
eu,2016,21.10
usa,2017,21.22
indie,2017,16.52
svet,2017,19.09
cina,2017,24.31
eu,2017,20.98
usa,2018,21.06
indie,2018,17.15
svet,2018,19.52
cina,2018,25.91
eu,2018,21.11
usa,2019,20.73
indie,2019,17.90
svet,2019,19.68
cina,2019,26.88
eu,2019,21.05
