region,year,co2_mt,co2_per_capita_t,share_cumulative_pct
cina,1950,78.8,0.14,0.98
cina,1951,102.1,0.18,1
cina,1952,128,0.23,1.02
cina,1953,133.8,0.23,1.05
cina,1954,160.9,0.27,1.08
cina,1955,190.5,0.32,1.12
cina,1956,215.8,0.35,1.17
cina,1957,255.8,0.41,1.23
cina,1958,524.6,0.81,1.37
cina,1959,720.2,1.1,1.57
cina,1960,798.8,1.22,1.78
cina,1961,570.6,0.87,1.91
cina,1962,459.6,0.69,1.99
cina,1963,456.8,0.67,2.07
cina,1964,460.6,0.65,2.14
cina,1965,500.3,0.69,2.21
cina,1966,549.5,0.74,2.29
cina,1967,460.2,0.6,2.33
cina,1968,495.5,0.63,2.38
cina,1969,607.7,0.76,2.45
cina,1970,808,0.98,2.55
cina,1971,909.2,1.08,2.67
cina,1972,968.6,1.12,2.79
cina,1973,1008.3,1.14,2.9
cina,1974,1028.1,1.14,3.01
cina,1975,1183.2,1.29,3.14
cina,1976,1226.3,1.32,3.27
cina,1977,1340.7,1.42,3.4
cina,1978,1492.5,1.56,3.55
cina,1979,1525.4,1.57,3.7
cina,1980,1494.3,1.52,3.82
cina,1981,1476.3,1.48,3.95
cina,1982,1606.2,1.58,4.08
cina,1983,1693.7,1.65,4.22
cina,1984,1844.2,1.77,4.37
cina,1985,1997.2,1.88,4.53
cina,1986,2103.4,1.95,4.7
cina,1987,2256.6,2.06,4.87
cina,1988,2424.4,2.17,5.04
cina,1989,2462.1,2.17,5.22
cina,1990,2483.5,2.15,5.38
cina,1991,2619.1,2.24,5.54
cina,1992,2731.3,2.31,5.72
cina,1993,2914.3,2.43,5.9
cina,1994,3093.9,2.56,6.09
cina,1995,3351.2,2.75,6.3
cina,1996,3499.3,2.84,6.51
cina,1997,3512.3,2.83,6.71
cina,1998,3355.3,2.68,6.88
cina,1999,3549.9,2.82,7.06
cina,2000,3643.8,2.87,7.24
cina,2001,3724.1,2.91,7.41
cina,2002,4098.2,3.18,7.61
cina,2003,4835.3,3.74,7.85
cina,2004,5211,4,8.11
cina,2005,5882,4.49,8.4
cina,2006,6486.2,4.92,8.73
cina,2007,6974.7,5.26,9.06
cina,2008,7492.4,5.62,9.42
cina,2009,7881.5,5.87,9.8
cina,2010,8610,6.37,10.2
cina,2011,9520.2,7,10.63
cina,2012,9767.3,7.13,11.06
cina,2013,9942.4,7.21,11.48
cina,2014,9976,7.19,11.88
cina,2015,9858,7.06,12.25
cina,2016,9748.2,6.94,12.6
cina,2017,10000,7.08,12.94
cina,2018,10346.8,7.29,13.29
cina,2019,10713.5,7.53,13.63
cina,2020,10896.5,7.64,13.99
cina,2021,11284.4,7.91,14.35
cina,2022,11711.8,8.22,14.7
cina,2023,12172,8.56,15.07
cina,2024,12289,8.66,15.42
eu,1950,1277.6,3.89,28.31
eu,1951,1429.6,4.32,28.15
eu,1952,1486.7,4.46,28.01
eu,1953,1514.9,4.51,27.88
eu,1954,1611.3,4.76,27.77
eu,1955,1743.4,5.11,27.64
eu,1956,1867.2,5.43,27.53
eu,1957,1926.5,5.56,27.41
eu,1958,1911.1,5.46,27.27
eu,1959,1940.9,5.5,27.12
eu,1960,2101.6,5.9,26.97
eu,1961,2201.4,6.13,26.87
eu,1962,2356.6,6.51,26.79
eu,1963,2514.7,6.89,26.72
eu,1964,2646,7.19,26.64
eu,1965,2678.7,7.22,26.55
eu,1966,2760.3,7.38,26.45
eu,1967,2822.1,7.5,26.34
eu,1968,2995.6,7.9,26.24
eu,1969,3194.6,8.36,26.14
eu,1970,3334.4,8.67,26
eu,1971,3428.5,8.86,25.87
eu,1972,3558.7,9.13,25.73
eu,1973,3732.2,9.51,25.59
eu,1974,3713,9.4,25.46
eu,1975,3640.1,9.17,25.32
eu,1976,3916.1,9.82,25.21
eu,1977,3877.8,9.68,25.07
eu,1978,4008,9.95,24.94
eu,1979,4117.4,10.18,24.81
eu,1980,4081.3,10.04,24.69
eu,1981,3867,9.46,24.56
eu,1982,3774.7,9.21,24.43
eu,1983,3731.7,9.08,24.3
eu,1984,3766.7,9.14,24.15
eu,1985,3823.6,9.25,24
eu,1986,3807.1,9.19,23.85
eu,1987,3840.9,9.24,23.69
eu,1988,3798.4,9.11,23.51
eu,1989,3836.2,9.17,23.33
eu,1990,3870.3,9.21,23.15
eu,1991,3804.5,9.03,22.97
eu,1992,3677.7,8.7,22.79
eu,1993,3608.2,8.51,22.61
eu,1994,3589.5,8.44,22.43
eu,1995,3635.9,8.54,22.25
eu,1996,3720.7,8.73,22.08
eu,1997,3654.5,8.57,21.9
eu,1998,3644.6,8.54,21.73
eu,1999,3589.2,8.41,21.55
eu,2000,3600.4,8.42,21.37
eu,2001,3657.1,8.53,21.2
eu,2002,3657.4,8.51,21.03
eu,2003,3736.4,8.66,20.84
eu,2004,3743.4,8.64,20.65
eu,2005,3734.9,8.59,20.45
eu,2006,3752,8.61,20.24
eu,2007,3701.9,8.47,20.03
eu,2008,3625.8,8.27,19.81
eu,2009,3330.5,7.57,19.59
eu,2010,3424.3,7.77,19.35
eu,2011,3327.1,7.54,19.11
eu,2012,3258.6,7.37,18.87
eu,2013,3176.5,7.18,18.63
eu,2014,3038.9,6.86,18.39
eu,2015,3094.9,6.97,18.16
eu,2016,3094.5,6.96,17.95
eu,2017,3118.5,7,17.74
eu,2018,3049.5,6.83,17.53
eu,2019,2904.9,6.49,17.31
eu,2020,2627.1,5.87,17.11
eu,2021,2801.5,6.26,16.9
eu,2022,2736.9,6.09,16.7
eu,2023,2485,5.51,16.49
eu,2024,2426.2,5.39,16.27
indie,1950,60.9,0.18,0.86
indie,1951,63.8,0.18,0.87
indie,1952,67.2,0.19,0.87
indie,1953,68.6,0.19,0.87
indie,1954,72.3,0.19,0.88
indie,1955,78.7,0.2,0.88
indie,1956,81.6,0.21,0.89
indie,1957,91.6,0.23,0.9
indie,1958,95.8,0.23,0.9
indie,1959,101.4,0.24,0.91
indie,1960,111.3,0.26,0.92
indie,1961,120.4,0.27,0.93
indie,1962,132.6,0.29,0.94
indie,1963,142.4,0.3,0.96
indie,1964,139.5,0.29,0.97
indie,1965,153.7,0.31,0.98
indie,1966,159.4,0.32,0.99
indie,1967,159.6,0.31,1
indie,1968,174.1,0.33,1.01
indie,1969,177.4,0.33,1.02
indie,1970,181.7,0.33,1.03
indie,1971,192,0.34,1.03
indie,1972,203,0.36,1.04
indie,1973,209.1,0.36,1.05
indie,1974,215.9,0.36,1.06
indie,1975,234.2,0.38,1.07
indie,1976,244.7,0.39,1.08
indie,1977,259,0.4,1.09
indie,1978,263.1,0.4,1.1
indie,1979,276.3,0.41,1.11
indie,1980,291.7,0.42,1.12
indie,1981,315,0.45,1.14
indie,1982,325.4,0.45,1.16
indie,1983,352.2,0.48,1.18
indie,1984,361.6,0.48,1.2
indie,1985,397.6,0.51,1.22
indie,1986,426.3,0.54,1.24
indie,1987,455.4,0.56,1.27
indie,1988,491.7,0.59,1.3
indie,1989,540.7,0.64,1.33
indie,1990,578,0.67,1.36
indie,1991,615.4,0.7,1.4
indie,1992,655.4,0.73,1.44
indie,1993,677.3,0.73,1.48
indie,1994,714,0.76,1.52
indie,1995,760.5,0.79,1.56
indie,1996,823.6,0.84,1.61
indie,1997,858,0.86,1.66
indie,1998,875.8,0.86,1.71
indie,1999,961.2,0.93,1.76
indie,2000,987.1,0.93,1.81
indie,2001,1001.2,0.93,1.86
indie,2002,1032.8,0.94,1.91
indie,2003,1068.4,0.96,1.96
indie,2004,1134.6,1,2.01
indie,2005,1195.4,1.04,2.06
indie,2006,1293.3,1.1,2.11
indie,2007,1393.5,1.17,2.17
indie,2008,1490.4,1.23,2.23
indie,2009,1613.3,1.32,2.3
indie,2010,1678.5,1.35,2.37
indie,2011,1765.7,1.4,2.44
indie,2012,1927,1.51,2.52
indie,2013,1995.3,1.54,2.59
indie,2014,2148.1,1.64,2.68
indie,2015,2231.8,1.68,2.76
indie,2016,2352.5,1.75,2.85
indie,2017,2425.7,1.78,2.94
indie,2018,2595.2,1.89,3.03
indie,2019,2611.2,1.88,3.12
indie,2020,2422.7,1.73,3.2
indie,2021,2675.8,1.89,3.28
indie,2022,2831.1,1.99,3.37
indie,2023,3062.8,2.13,3.47
indie,2024,3193.5,2.2,3.57
usa,1950,2541.5,16.48,39.74
usa,1951,2618.7,16.73,39.78
usa,1952,2551.2,16.07,39.77
usa,1953,2613,16.21,39.76
usa,1954,2489.5,15.21,39.68
usa,1955,2728.5,16.42,39.59
usa,1956,2860,16.94,39.49
usa,1957,2835.8,16.54,39.35
usa,1958,2747.1,15.77,39.15
usa,1959,2831.9,15.99,38.94
usa,1960,2897.3,16.07,38.7
usa,1961,2886.9,15.73,38.46
usa,1962,2993.9,16.03,38.23
usa,1963,3126.5,16.47,37.99
usa,1964,3264.3,16.93,37.75
usa,1965,3399.5,17.38,37.51
usa,1966,3571.4,18.01,37.27
usa,1967,3705.5,18.46,37.05
usa,1968,3840.9,18.92,36.81
usa,1969,4035.2,19.65,36.56
usa,1970,4339.7,20.88,36.3
usa,1971,4365.5,20.75,36.01
usa,1972,4573,21.49,35.74
usa,1973,4777.7,22.22,35.46
usa,1974,4608.5,21.23,35.17
usa,1975,4414.5,20.15,34.86
usa,1976,4621.5,20.9,34.56
usa,1977,4749.5,21.27,34.26
usa,1978,4897.3,21.73,33.98
usa,1979,4908.8,21.57,33.68
usa,1980,4730.2,20.58,33.38
usa,1981,4543.6,19.57,33.1
usa,1982,4311.9,18.38,32.8
usa,1983,4346.4,18.34,32.52
usa,1984,4479.4,18.71,32.25
usa,1985,4495.4,18.6,31.96
usa,1986,4498.1,18.44,31.68
usa,1987,4691.9,19.06,31.41
usa,1988,4897.8,19.72,31.15
usa,1989,4960.2,19.79,30.9
usa,1990,5131.8,20.25,30.67
usa,1991,5076.4,19.79,30.42
usa,1992,5178.8,19.95,30.22
usa,1993,5279.5,20.1,30.04
usa,1994,5361.9,20.2,29.87
usa,1995,5425.8,20.23,29.7
usa,1996,5601.1,20.68,29.53
usa,1997,5673.1,20.75,29.37
usa,1998,5736.4,20.77,29.23
usa,1999,5800.3,20.81,29.09
usa,2000,6023.2,21.4,28.95
usa,2001,5903.6,20.77,28.81
usa,2002,5947.8,20.72,28.66
usa,2003,6006.4,20.72,28.49
usa,2004,6111.5,20.87,28.32
usa,2005,6126.9,20.72,28.12
usa,2006,6045.3,20.24,27.91
usa,2007,6121.5,20.28,27.7
usa,2008,5919.2,19.41,27.47
usa,2009,5486.1,17.81,27.23
usa,2010,5669.2,18.23,26.97
usa,2011,5539,17.63,26.7
usa,2012,5331.5,16.81,26.42
usa,2013,5473.4,17.1,26.15
usa,2014,5531.4,17.12,25.9
usa,2015,5368.5,16.46,25.65
usa,2016,5245.4,15.93,25.4
usa,2017,5195.4,15.64,25.15
usa,2018,5361.2,16,24.91
usa,2019,5235.9,15.5,24.67
usa,2020,4690,13.82,24.44
usa,2021,5020.1,14.76,24.21
usa,2022,5055.4,14.8,23.98
usa,2023,4918.4,14.32,23.75
usa,2024,4904.1,14.2,23.52
